	V1	V2	V3	V4	V5	V6	V7	V8	V9	V10	V11	V12	V13	V14	V15	V16	V17	V18	V19	V20
1	0.682169501902536	0.934415229596198	0.329871786991134	0.737026726128533	0.871379509102553	0.80340869165957	0.12384341051802	0.722634352510795	0.72041609021835	0.589386419393122	0.369366713799536	0.146415153052658	0.227348030079156	0.710724055301398	0.778683503391221	0.522664170945063	0.420616241171956	0.0121750701218843	0.623059887671843	0.910186438821256
2	0.923455653013662	0.698528476757929	0.945337661774829	0.319152880925685	0.297524920664728	0.611564943799749	0.758387568406761	0.242751997662708	0.0828604062553495	0.723002406768501	0.748025897424668	0.294500274350867	0.976123435422778	0.0512317488901317	0.160404383437708	0.474474733229727	0.856403649086133	0.65158675564453	0.722559143556282	0.111220137914643
3	0.147098590387031	0.718212842708454	0.347290697740391	0.471476691309363	0.595018970780075	0.333513792371377	0.0120346723124385	0.346973876934499	0.373630825895816	0.72970215510577	0.353553452994674	0.449266411131248	0.238376707071438	0.789554896065965	0.244105341844261	0.665870596421883	0.415589871117845	0.635238852817565	0.915569766191766	0.415508458623663
4	0.338131966069341	0.997184568550438	0.731033138465136	0.252701971214265	0.805971453897655	0.625375908333808	0.386392569635063	0.658380680251867	0.288271353347227	0.270965003175661	0.756552507402375	0.106423027114943	0.988706154748797	0.369787042262033	0.603340812493116	0.061954963253811	0.24263692391105	0.258288502693176	0.398167902138084	0.601850288687274
5	0.614056500373408	0.789071727311239	0.771613187156618	0.187785587506369	0.314015512121841	0.543161189183593	0.587075094692409	0.788762423675507	0.186081754276529	0.803037747973576	0.90798566956073	0.15561931184493	0.801482466747984	0.314624208258465	0.128931359387934	0.3701130093541	0.989055142505094	0.782731660176069	0.984052487649024	0.0112335148733109
6	0.365997730754316	0.00723089906387031	0.460235368926078	0.718008910305798	0.428049243753776	0.639163387240842	0.814771842211485	0.681024339282885	0.0656432854011655	0.676847533788532	0.687569818692282	0.820434247376397	0.902705872664228	0.246203795075417	0.016941883135587	0.223781998967752	0.0380533628631383	0.985098161967471	0.176083243219182	0.528734313789755
7	0.882170791272074	0.751556171569973	0.314464061753824	0.232752049574628	0.924351564375684	0.0738507532514632	0.92317592096515	0.953845488838851	0.193954766727984	0.821880765724927	0.724653201876208	0.488743778783828	0.131750282132998	0.34112051455304	0.528444963507354	0.635449159657583	0.759874731767923	0.88621212542057	0.737457762705162	0.125251973746344
8	0.849905701819807	0.0494272822979838	0.978579388931394	0.549839276820421	0.436544541502371	0.814699730603024	0.643437033286318	0.950032786699012	0.907463676529005	0.0622244416736066	0.643187159439549	0.7591233975254	0.0212285271845758	0.830354622332379	0.530459524132311	0.125157448463142	0.102519801119342	0.926652524154633	0.934329847805202	0.999224554514512
9	0.694114581216127	0.148250844329596	0.615912880282849	0.10161042236723	0.309028778923675	0.273774800123647	0.886293314164504	0.307589086703956	0.131250186124817	0.942225495586172	0.5072725743521	0.225945806829259	0.223532454110682	0.441953107481822	0.156629589851946	0.699153166497126	0.180340405320749	0.931357966270298	0.369150651851669	0.785549439955503
10	0.907166792312637	0.959957552840933	0.256118710851297	0.860907829366624	0.0757990102283657	0.479361187200993	0.667669462040067	0.900018309010193	0.905513666803017	0.551938069285825	0.0436163148842752	0.0197107074782252	0.00507763028144836	0.798906435957178	0.344874933827668	0.463840889278799	0.759175905957818	0.23811206035316	0.10935624060221	0.13123478856869
11	0.212963602505624	0.839682018849999	0.597514564404264	0.10615349188447	0.88379540713504	0.963249787455425	0.638569353614002	0.0382482323329896	0.405750326346606	0.741404752479866	0.465840506367385	0.400165915722027	0.59140658006072	0.939859816571698	0.554627730511129	0.0129106019157916	0.0598645745776594	0.96446932037361	0.773042260669172	0.134275527670979
12	0.872778046410531	0.301920506870374	0.358350298833102	0.561869584256783	0.871658385498449	0.260337368818	0.58377613639459	0.171634918777272	0.980253485962749	0.548589659621939	0.208707596641034	0.785242503974587	0.939249149290845	0.964141742326319	0.064300273777917	0.64328237134032	0.0679964078590274	0.83666655770503	0.536065779393539	0.564729250269011
13	0.548274019965902	0.21267351671122	0.00314001855440438	0.986320825526491	0.0151697902474552	0.0981646801810712	0.321857395814732	0.778215185506269	0.988521622493863	0.968529020436108	0.0148662182036787	0.367675604531541	0.490862846141681	0.836184878367931	0.599448814988136	0.701919825281948	0.966426976490766	0.966125672217458	0.84463271824643	0.348285837098956
14	0.356000101193786	0.761432179948315	0.941452688537538	0.874954645521939	0.471475316444412	0.428706184960902	0.747690212680027	0.331525781890377	0.267456714063883	0.472800531191751	0.250072749098763	0.225556386169046	0.0557186831720173	0.187684821896255	0.392533699050546	0.802660233341157	0.338934847852215	0.113251707749441	0.21847637463361	0.238528999732807
15	0.303017912898213	0.101242777425796	0.550455641001463	0.304948570672423	0.946250163484365	0.0466127961408347	0.534625828964636	0.735946171917021	0.491082485066727	0.267416942166165	0.827241301070899	0.757817956618965	0.239684368250892	0.765743560390547	0.982858537696302	0.765263855922967	0.76622314658016	0.514160250779241	0.608517134329304	0.785918374313042
16	0.793456116458401	0.00338422111235559	0.275372058153152	0.0725346617400646	0.7430673786439	0.767323000822216	0.588291635736823	0.254868965130299	0.49699914525263	0.99525604210794	0.344148344593123	0.638914620038122	0.707560032373294	0.948178117861971	0.43547477433458	0.0582771508488804	0.694781622383744	0.209434587741271	0.276893794769421	0.288792070932686
17	0.504686721367761	0.610182120231912	0.322020346065983	0.835275711491704	0.177495172247291	0.896472692489624	0.315501229837537	0.234002779005095	0.78859240678139	0.219677572138608	0.638638535048813	0.218099935911596	0.366604891140014	0.838986570481211	0.999626538716257	0.384073290042579	0.224221769487485	0.82874402217567	0.263026494998485	0.532621970167384
18	0.812443178147078	0.139556478708982	0.887830059975386	0.839704209007323	0.338450188748538	0.266440505860373	0.234376631677151	0.263903035782278	0.831355946604162	0.843639893922955	0.304791959235445	0.404333136044443	0.210733307991177	0.0996165489777923	0.0717673320323229	0.0837839883752167	0.569811388384551	0.607866208534688	0.565800882875919	0.123580663930625
19	0.978279146365821	0.551842341432348	0.100569565780461	0.261443445691839	0.996948340674862	0.0347246024757624	0.454917972674593	0.557787866797298	0.429494101321325	0.486871648347005	0.334165844134986	0.636065021157265	0.514727037865669	0.525133561808616	0.331978653324768	0.0537183105479926	0.00844998960383236	0.363209147471935	0.849773074267432	0.198918726062402
20	0.94949911464937	0.654805788304657	0.14213054953143	0.83129531564191	0.0422045334707946	0.246830477379262	0.0694273156113923	0.413994123926386	0.937408497557044	0.98419469431974	0.89925203518942	0.245572504820302	0.076204878045246	0.648348726332188	0.060876770876348	0.86875426559709	0.496145173208788	0.595931014744565	0.602811668533832	0.316682312404737
21	0.189628190826625	0.51259813294746	0.752667041961104	0.0376701569184661	0.179428375558928	0.741678710328415	0.0614735351409763	0.324707638239488	0.51037495303899	0.0116119985468686	0.0373445255681872	0.320811667013913	0.375119514996186	0.685798356775194	0.372351400787011	0.945602132473141	0.07953488570638	0.921552847605199	0.537683898350224	0.349783358396962
22	0.110164381563663	0.344651829916984	0.442839291878045	0.161459664814174	0.886558069847524	0.48845458147116	0.174306380329654	0.365116957342252	0.741401029052213	0.140840011183172	0.300341561669484	0.853406789246947	0.955834217602387	0.31274794251658	0.00463447300717235	0.831930057844147	0.94245649385266	0.359931795857847	0.928919051773846	0.474219274474308
23	0.538369888905436	0.829514182871208	0.164041794836521	0.975012175505981	0.257654933258891	0.595780044794083	0.683696636231616	0.404768672306091	0.76960866083391	0.315236003138125	0.688401727937162	0.728306426433846	0.32291595893912	0.822169790742919	0.192153447307646	0.25728631624952	0.145546211861074	0.00424458459019661	0.714909709291533	0.696358990389854
24	0.585929848952219	0.996297719189897	0.357855001697317	0.849358457373455	0.306404678151011	0.985419104341418	0.586768223904073	0.964928864501417	0.308408779557794	0.993615725310519	0.585488324984908	0.322150026680902	0.412209096830338	0.568551137112081	0.373689901316538	0.917285534320399	0.0637102350592613	0.54282615124248	0.514653257792816	0.0333458334207535
25	0.648876720108092	0.131742279510945	0.657477495959029	0.753558967262506	0.753116358304396	0.752167723374441	0.621187970740721	0.44451958569698	0.345018969615921	0.453147348249331	0.379878134932369	0.550140331266448	0.760066092479974	0.445577565580606	0.479181856149808	0.606754484353587	0.530788456555456	0.874449354363605	0.178011557552963	0.591091846581548
26	0.751574084628373	0.418605114798993	0.945372452959418	0.698147162562236	0.661625464214012	0.82022220082581	0.634284624364227	0.426306305220351	0.595387040637434	0.881843943381682	0.307800254086033	0.808754065074027	0.286991000175476	0.24606721708551	0.238061349606141	0.0724391101393849	0.355689236661419	0.774818005040288	0.569275687914342	0.203193064779043
27	0.737326727248728	0.309375705430284	0.155778699088842	0.0557904047891498	0.988977658562362	0.494043546495959	0.577893090667203	0.227497243555263	0.23758706310764	0.508509831270203	0.713453292148188	0.797773951198906	0.346061673481017	0.0828883580397815	0.740263135172427	0.740755198057741	0.530417740345001	0.156932764220983	0.202559283236042	0.423134539509192
28	0.603923216927797	0.0410666724201292	0.623781524831429	0.643306358251721	0.44300191081129	0.620037680724636	0.0577315168920904	0.909536216640845	0.649126082425937	0.00112291378900409	0.834299616515636	0.812904184451327	0.809763717232272	0.547605931758881	0.320024485699832	0.842452673707157	0.0800678308587521	0.313807279570028	0.246188773773611	0.828593236859888
29	0.716574820922688	0.150304936571047	0.411840184824541	0.618352799210697	0.452950972830877	0.995483277831227	0.175052069826052	0.317541960161179	0.648984754225239	0.781282143900171	0.330603061011061	0.540991556132212	0.0957995920907706	0.241682166932151	0.0462446897290647	0.13781118625775	0.916544792708009	0.735659308033064	0.518439292674884	0.224491930101067
30	0.491515497677028	0.660561363445595	0.872454260243103	0.0870428271591663	0.456228575436398	0.56204307731241	0.359111319296062	0.303317384328693	0.199070547474548	0.718914530705661	0.183769136667252	0.581999059766531	0.500321636442095	0.677252407418564	0.0558882143814117	0.388070047600195	0.131888568168506	0.817570032319054	0.550075851846486	0.725960585754365
31	0.687655922956765	0.537750637391582	0.864412371534854	0.902363961795345	0.45845293533057	0.628395715728402	0.0408746793400496	0.815785947488621	0.0515003702603281	0.214435309171677	0.809065090259537	0.028481817105785	0.337444406701252	0.953547856071964	0.434615187346935	0.466702203964815	0.478419754421338	0.619823902845383	0.472807524260134	0.899025348946452
32	0.62109731324017	0.835539062507451	0.216634251410142	0.0912477874662727	0.787878612289205	0.62297681113705	0.866864317562431	0.239472779911011	0.949253616156057	0.860439413227141	0.136841969797388	0.236470309551805	0.353313075145707	0.415463268058375	0.510440362617373	0.210980451898649	0.477146430173889	0.832412373274565	0.980316621949896	0.28015256812796
33	0.672064127400517	0.134083173703402	0.797725868877023	0.220378102967516	0.615976395783946	0.202003325335681	0.786407767795026	0.688935201382264	0.760151237016544	0.561571232741699	0.64124753489159	0.358984377002344	0.584523648954928	0.262754144147038	0.457583944313228	0.372248537838459	0.45693353144452	0.900797133566812	0.182990507222712	0.748154997127131
34	0.789422607049346	0.514402146451175	0.783472031587735	0.694038576912135	0.474197636824101	0.170787084382027	0.109211903065443	0.0969868202228099	0.928516195621341	0.741901520872489	0.612903573783115	0.147600428201258	0.0200967155396938	0.308300872100517	0.793949712533504	0.720660798950121	0.371093731140718	0.131393522489816	0.953764987178147	0.496731220977381
35	0.171922212466598	0.810588963795453	0.0545180609915406	0.755812312941998	0.427719474770129	0.193831018870696	0.0154337489511818	0.955969363218173	0.210690502775833	0.0346499523147941	0.418744351249188	0.178168597631156	0.753121374174953	0.300154933007434	0.849777550436556	0.876828223001212	0.485710693523288	0.32194746658206	0.553902031388134	0.415369372116402
36	0.168001805432141	0.0316352320369333	0.179888913407922	0.648915728088468	0.00195212080143392	0.313067542156205	0.796850693412125	0.397812336916104	0.759065315127373	0.752947245026007	0.771199084119871	0.849410358816385	0.21994915092364	0.355462051462382	0.58195766620338	0.995871662860736	0.205877068685368	0.0711564582306892	0.542289606062695	0.255980677437037
37	0.859024078585207	0.54470254573971	0.301262840861455	0.908188756788149	0.779123242245987	0.312686443096027	0.641644224291667	0.642107582651079	0.452645906480029	0.692975621437654	0.764591574203223	0.337621430167928	0.471137229120359	0.255695809144527	0.965758657548577	0.045599483884871	0.506180867319927	0.398429480846971	0.420605133287609	0.986629532184452
38	0.312076069414616	0.134284102590755	0.582680953899398	0.395597452530637	0.685922492528334	0.903736085863784	0.53826162731275	0.149529339279979	0.202730556949973	0.619894102681428	0.302328202640638	0.258120541926473	0.26221640734002	0.390094180591404	0.34838853077963	0.719023414887488	0.346898151328787	0.643594017485157	0.764743705280125	0.282495900522918
39	0.232791156508029	0.27342512155883	0.217944198055193	0.0480625797063112	0.196244108956307	0.706700060050935	0.637007191311568	0.513092372333631	0.684410616988316	0.549285548273474	0.163269669981673	0.294434110168368	0.664029595674947	0.813270265003666	0.858574619982392	0.431191843934357	0.0962922526523471	0.829516605706885	0.304905499797314	0.526953168446198
40	0.30546315968968	0.0207557866815478	0.516222596401349	0.474458520999178	0.717376810498536	0.0542600709013641	0.461751465220004	0.759003179846331	0.730070356978104	0.968481482937932	0.648487955331802	0.224903129739687	0.748291293624789	0.680427516577765	0.649489278439432	0.878748442744836	0.950965282507241	0.827366692014039	0.12948232726194	0.479792064521462
41	0.965853315545246	0.224979845108464	0.359991514356807	0.717919149668887	0.737070160452276	0.656010662671179	0.980681460583583	0.631742202444002	0.811505479505286	0.385193143505603	0.926045367494226	0.151935570407659	0.820387972285971	0.0413295223843306	0.096878647338599	0.745163968997076	0.782528724055737	0.328572488157079	0.532403345685452	0.956036394927651
42	0.538644498446956	0.871795367915183	0.891142823267728	0.664288959931582	0.190683631459251	0.446499493438751	0.570849444018677	0.220250408165157	0.249573323875666	0.642034985823557	0.250881014857441	0.89940334064886	0.244489680742845	0.839520792476833	0.441219005966559	0.767934563104063	0.281370469368994	0.129640923580155	0.611657556379214	0.994754823157564
43	0.545829386916012	0.102032730355859	0.392992253415287	0.82203575852327	0.838943926850334	0.882208494003862	0.299485086230561	0.0400605869945139	0.876807576045394	0.894301328109577	0.962517277337611	0.202676796121523	0.554893471300602	0.820071405963972	0.488597952062264	0.386096315225586	0.0514351783785969	0.726437672739848	0.108436447568238	0.541471063625067
44	0.921926893759519	0.552910462254658	0.894867047667503	0.585449001286179	0.755085369106382	0.862199577735737	0.799325775820762	0.211081087356433	0.39291933295317	0.0801855251193047	0.552521421341226	0.365637241164222	0.941742293769494	0.475489965872839	0.254593622172251	0.955172994174063	0.784840581938624	0.516277344664559	0.504895023768768	0.461280187824741
45	0.342798635596409	0.330761713907123	0.72363974689506	0.851838522823527	0.12797897704877	0.239310528617352	0.766211992595345	0.328860028879717	0.811751619447023	0.599703388987109	0.554792267736048	0.176451870240271	0.843420595861971	0.862056923564523	0.903558147605509	0.00813686032779515	0.84446892910637	0.608863456640393	0.602066415827721	0.7231678920798
46	0.0770284889731556	0.567300305236131	0.0269828613381833	0.286919489735737	0.318578559905291	0.428479862166569	0.412380697904155	0.0563416515942663	0.64572095638141	0.906852895393968	0.928426344646141	0.0794191162567586	0.769625072367489	0.369375905953348	0.687089207815006	0.432076951954514	0.047441310249269	0.955561354290694	0.385843397583812	0.7140002110973
47	0.351832891814411	0.652443297440186	0.174809278687462	0.0524394803214818	0.256995585979894	0.70660111354664	0.644570128759369	0.0947468755766749	0.673141110688448	0.108081923797727	0.497291910927743	0.763948752777651	0.416418347740546	0.7984628691338	0.881171791348606	0.481187091441825	0.559988585766405	0.771719128126279	0.600196967367083	0.0493498123250902
48	0.232092356774956	0.327770167263225	0.441504125017673	0.636072327150032	0.62756104581058	0.233646221924573	0.441754258004948	0.873499889858067	0.151958800852299	0.178606902481988	0.438056605868042	0.126877076225355	0.845120255136862	0.415302232606336	0.428712694207206	0.289817732525989	0.135988558642566	0.69151308760047	0.239548902027309	0.0559203482698649
49	0.953495824942365	0.308796822791919	0.569220921490341	0.452588817803189	0.877399089513347	0.895585251506418	0.293469124473631	0.584054497070611	0.406783716753125	0.738447597948834	0.516543033532798	0.502466563833877	0.307589235017076	0.527782279066741	0.578015284845605	0.0286488535348326	0.71326415752992	0.209307115292177	0.772336645051837	0.833127356832847
50	0.666573280934244	0.672969933133572	0.0110422703437507	0.206273543415591	0.692964688176289	0.949330044910312	0.727261885302141	0.0629955981858075	0.465539182303473	0.114991135662422	0.0676153537351638	0.673839249182492	0.303970553446561	0.929790605558082	0.578628170769662	0.0698531498201191	0.247430344810709	0.661177354166284	0.499242064543068	0.926740409107879
51	0.612832791404799	0.472970680100843	0.224132952513173	0.914527232758701	0.0518433132674545	0.563093841075897	0.153125230921432	0.802261862205341	0.534415633417666	0.464210480451584	0.497264082310721	0.141605462878942	0.580942142521963	0.85050324886106	0.268180592916906	0.0706633452791721	0.976392234908417	0.216069110436365	0.268788265995681	0.377297074301168
52	0.967752073891461	0.424309531925246	0.206743474118412	0.095482564298436	0.826886613154784	0.852850351948291	0.0348667781800032	0.378972083562985	0.571662360569462	0.538335064426064	0.144490731181577	0.763848063535988	0.736682462971658	0.88634947151877	0.813771606655791	0.697296846657991	0.191525892587379	0.45751398964785	0.822127065155655	0.883367645321414
53	0.476783405989408	0.68545551947318	0.216907281195745	0.37309845071286	0.154802011093125	0.255468635354191	0.732671367470175	0.580922122579068	0.915161313256249	0.071872548898682	0.867599985795096	0.480790756409988	0.156183704268187	0.599967695074156	0.532313350820914	0.700287318322808	0.608098348835483	0.735158136347309	0.663240971043706	0.72767063206993
54	0.685927536571398	0.365793278440833	0.540812640450895	0.739143774611875	0.683743468020111	0.117231133859605	0.847165751038119	0.407358675729483	0.122224834281951	0.207339631859213	0.189693494001403	0.39099186938256	0.0444165403023362	0.553817929001525	0.135341014713049	0.313820713199675	0.795876922784373	0.156120152678341	0.41052319877781	0.495576571905985
55	0.632382505340502	0.0320420572534204	0.68197402311489	0.599982953863218	0.893951919628307	0.538894976954907	0.509726835181937	0.689102410105988	0.353192997165024	0.0583297214470804	0.0930274676065892	0.888341678772122	0.401929047424346	0.644931433955207	0.323719604872167	0.0450433252844959	0.291328519117087	0.407817537430674	0.192011608043686	0.916386709781364
56	0.369964873418212	0.075040839612484	0.264729070244357	0.197993172798306	0.0140020467806607	0.597498916322365	0.963634422747418	0.537286907667294	0.182498420821503	0.547343632904813	0.109700936824083	0.743797202361748	0.225514346035197	0.362997340271249	0.355326429707929	0.929420303553343	0.822209951234981	0.841212795581669	0.356656354386359	0.366887559648603
57	0.31615430302918	0.649517241166905	0.493137306533754	0.198600592557341	0.942308464087546	0.622432881733403	0.744017078075558	0.198589150328189	0.743084639776498	0.215927184559405	0.181704237358645	0.970262146787718	0.693074805196375	0.373778958804905	0.232956222025678	0.32331420131959	0.746549663599581	0.308401074726135	0.175421677529812	0.217525423038751
58	0.14018959319219	0.854308871552348	0.0832164748571813	0.188719866331667	0.425590953789651	0.187940551200882	0.761120528215542	0.372198605211452	0.746677716262639	0.0578762658406049	0.729875687276945	0.602441527415067	0.537122025154531	0.738467255840078	0.387321134563535	0.977467156248167	0.847924390109256	0.699065996566787	0.747521036071703	0.429383848095313
59	0.226392126642168	0.898681954015046	0.459220152813941	0.812718908768147	0.29094307939522	0.430925681255758	0.120091989636421	0.193019497673959	0.668236584402621	0.337409147061408	0.86138871521689	0.479398635448888	0.121172066545114	0.227694985689595	0.675239817705005	0.455148522509262	0.292698890436441	0.787430440774187	0.00453181914053857	0.438516795402393
60	0.0493713831529021	0.968072532908991	0.568974417634308	0.0622834137175232	0.184768941951916	0.322854679077864	0.857893196400255	0.691691907355562	0.480572203639895	0.260140532860532	0.613483965862542	0.935295120580122	0.340932690072805	0.788694600807503	0.866360126296058	0.657072465401143	0.56789459194988	0.713420853717253	0.30936036282219	0.292094248346984
61	0.0110965517815202	0.829787766560912	0.547095018206164	0.305028521222994	0.257677258457989	0.695017365505919	0.048999740043655	0.0341774637345225	0.308649762766436	0.978436895180494	0.799279637401924	0.322705158032477	0.971001582685858	0.936283444985747	0.322204960044473	0.438515560235828	0.236815977375954	0.00822472269646823	0.805618098936975	0.344474818557501
62	0.604847813956439	0.702095094369724	0.841345372376963	0.426982082892209	0.32718095369637	0.21772177470848	0.911845473572612	0.83386023202911	0.363759006606415	0.363050282001495	0.240218616556376	0.781478871125728	0.572112158406526	0.600177701096982	0.998032603878528	0.694143208209425	0.258180535165593	0.353545157704502	0.419872760307044	0.789427448762581
63	0.142213957617059	0.398441896541044	0.304380003130063	0.384886362589896	0.674869022797793	0.261275590397418	0.413933722069487	0.947454016422853	0.573981209192425	0.106256266124547	0.617525979643688	0.771002351073548	0.109414862701669	0.255679023452103	0.300439111655578	0.226419859798625	0.497602708172053	0.218563406728208	0.69398380164057	0.802097986917943
64	0.964125569909811	0.432139321230352	0.979679014766589	0.0487137623131275	0.262095527723432	0.236785423010588	0.125085219740868	0.47483049845323	0.904297825181857	0.546638910425827	0.59479017322883	0.260933008044958	0.370533725013956	0.269593416713178	0.187488703755662	0.938053659163415	0.580723660066724	0.0489925295114517	0.841028189985082	0.521482580341399
65	0.213790511712432	0.279993211152032	0.961876049870625	0.949839867651463	0.372388408984989	0.157295102253556	0.856575270416215	0.223818269791082	0.750191180733964	0.915043108165264	0.0200593336485326	0.0236874266993254	0.0970139394048601	0.965176121564582	0.0265306979417801	0.848690502345562	0.180359547957778	0.393465192522854	0.665153194218874	0.72603156324476
66	0.822412078268826	0.156455223681405	0.2609604857862	0.556245561921969	0.402454262366518	0.690199279459193	0.70283587439917	0.87189408717677	0.00642981892451644	0.840593615081161	0.0251319378148764	0.277316367952153	0.682134940987453	0.461852310923859	0.90554949385114	0.932640525046736	0.495650795986876	0.72396766860038	0.288605297915637	0.0105512773152441
67	0.657407845370471	0.80721653951332	0.0890297908335924	0.36602073838003	0.268452416174114	0.958087915787473	0.641689486103132	0.636053767520934	0.892741499003023	0.0686862547881901	0.575354828033596	0.102772964164615	0.689984197728336	0.433674779022112	0.315988596063107	0.00888199335895479	0.287859837757424	0.882047008257359	0.965850899461657	0.18278876808472
68	0.416906422004104	0.0730476260650903	0.635589515324682	0.688782817218453	0.864610535092652	0.890381399542093	0.161807173164561	0.317986515117809	0.603411757852882	0.190292483428493	0.640145646641031	0.323775802273303	0.491274555213749	0.411329886177555	0.972290179925039	0.871127928141505	0.00441535515710711	0.266389764612541	0.935332721332088	0.103397966595367
69	0.149861991871148	0.546148746041581	0.369651032611728	0.740329845575616	0.367462329566479	0.691818381426856	0.131929102819413	0.725922888843343	0.0483574729878455	0.199148657964543	0.898154693422839	0.701154875801876	0.339961799560115	0.389555512927473	0.492844943422824	0.80048765707761	0.0946215239819139	0.646207444835454	0.224827938945964	0.691764308139682
70	0.709786363644525	0.0509680628310889	0.963539154501632	0.291294653899968	0.0839234539307654	0.471883407328278	0.913572775898501	0.00307451235130429	0.369354704627767	0.205390496412292	0.290440458804369	0.137893840437755	0.697395292343572	0.886459845583886	0.776080484036356	0.425750214373693	0.185843037208542	0.994908150751144	0.397107355762273	0.595113281859085
71	0.174964961130172	0.402231901651248	0.981655653333291	0.145648629870266	0.919951810268685	0.276981395669281	0.99759182264097	0.0924918535165489	0.122809612657875	0.238414200954139	0.0485208895988762	0.176184411160648	0.26433856296353	0.25428669154644	0.606880692299455	0.593891355209053	0.588408408919349	0.0545422099530697	0.715623439289629	0.913830374134704
72	0.484958126675338	0.208138197893277	0.373949846951291	0.896929434733465	0.301584090571851	0.67710873298347	0.449493094114587	0.317464454099536	0.112906109541655	0.476065251976252	0.232441024621949	0.765262986067683	0.254674800671637	0.0463677241932601	0.200243982952088	0.594286430627108	0.77740451041609	0.240943232318386	0.381027585593984	0.466886125504971
73	0.0939446252305061	0.809673108393326	0.928297995124012	0.130044285673648	0.0943748122081161	0.0632401541806757	0.122005214216188	0.430850234581158	0.187958237947896	0.465739395236596	0.6815332302358	0.465213930932805	0.44658064795658	0.867903877049685	0.916057744296268	0.968545953510329	0.857633116655052	0.953541037393734	0.901132245082408	0.164018662180752
74	0.416684659197927	0.188813116168603	0.706820726860315	0.777933131437749	0.274646079400554	0.17125482740812	0.783686979440972	0.925794301787391	0.420560060767457	0.705144884064794	0.353931512916461	0.383214496076107	0.776000280398875	0.265835549682379	0.00621107220649719	0.228732221992686	0.894842313136905	0.133136375574395	0.158490239875391	0.237641929415986
75	0.301391643006355	0.701036096550524	0.942294609267265	0.264885690063238	0.99457611143589	0.113331510452554	0.902763210935518	0.0140579191502184	0.183706027455628	0.964572730241343	0.606966187478974	0.280673849862069	0.808634274639189	0.347092529060319	0.365020342869684	0.623356810770929	0.630753702251241	0.494327477645129	0.25189107353799	0.708360803546384
76	0.244623323669657	0.144709920277819	0.454718741588295	0.615667551755905	0.124473464675248	0.334471461595967	0.0718722445890307	0.997528417035937	0.0879817947279662	0.0525508723221719	0.875807602657005	0.564239461906254	0.377523496048525	0.939938244409859	0.315268814796582	0.583237051498145	0.955151137430221	0.586866371100768	0.464104526443407	0.073989721480757
77	0.321882254676893	0.837313557509333	0.182315824786201	0.677635163534433	0.178870267933235	0.717491105897352	0.232101231813431	0.151632894994691	0.701242903014645	0.0395620197523385	0.240684020100161	0.705965588334948	0.078981522237882	0.941806359915063	0.917058093240485	0.568116590380669	0.803240620298311	0.150968623813242	0.0668419962748885	0.00274045905098319
78	0.671063673682511	0.783344547264278	0.575079745845869	0.283218700205907	0.0287632357794791	0.55292425584048	0.630402174545452	0.346634649205953	0.953825859585777	0.840891446918249	0.78996371361427	0.802622206974775	0.0325077753514051	0.864604027243331	0.21803933638148	0.526662324089557	0.328888555523008	0.965023816097528	0.202466055750847	0.453862869180739
79	0.171765939332545	0.00736083346419036	0.700497540878132	0.589159646071494	0.11738042277284	0.693987911567092	0.632804533001035	0.36657311860472	0.665307002607733	0.147820755140856	0.816788591910154	0.137091784970835	0.786369944689795	0.373145358171314	0.266462150495499	0.290130201494321	0.134135391097516	0.930071896640584	0.680333140073344	0.179770512506366
80	0.893321074079722	0.857374436687678	0.163793697021902	0.741562467999756	0.608965941471979	0.743758148979396	0.357529215048999	0.450529929483309	0.59929311205633	0.803565619513392	0.781978453276679	0.0572252960409969	0.32806055014953	0.191906722262502	0.153683935059234	0.549254295416176	0.233115966431797	0.614273775368929	0.311467566061765	0.0104381535202265
81	0.577522977953777	0.840049915015697	0.417041420470923	0.499837804818526	0.567882295930758	0.846328637795523	0.189651192398742	0.987613011384383	0.478368992684409	0.777162813348696	0.455351633019745	0.599353479919955	0.773730757646263	0.948415555758402	0.132401350187138	0.844037528382614	0.241809411905706	0.0545478060375899	0.868224880192429	0.507982465438545
82	0.864123676205054	0.594793635420501	0.537020463729277	0.85025091143325	0.205240559531376	0.663725365418941	0.500887213973328	0.42794916476123	0.260180677985772	0.668990101199597	0.825554328970611	0.544615814927965	0.663748360006139	0.819395980332047	0.341009004041553	0.199329532682896	0.892991956323385	0.748278392013162	0.544420934049413	0.468857692554593
83	0.218865794595331	0.297570176422596	0.642503940034658	0.503076686058193	0.201203462900594	0.223437493201345	0.566356864757836	0.479072254383937	0.492364651057869	0.23199687153101	0.889575880952179	0.152282695751637	0.821506578009576	0.474259657086805	0.225988062098622	0.673091698205099	0.525300741195679	0.0598169029690325	0.660674079554155	0.555285659385845
84	0.63152937637642	0.473541500046849	0.863150370540097	0.974376038182527	0.86790658463724	0.467791823204607	0.129718641517684	0.0126307003665715	0.865068351617083	0.856424069730565	0.172196057625115	0.777582844952121	0.148797263391316	0.734188122209162	0.313774140318856	0.384921642486006	0.827177099650726	0.270736998645589	0.63558046030812	0.330744659295306
85	0.707206249237061	0.602084128651768	0.211315091699362	0.735579540254548	0.819140241947025	0.263301785103977	0.211642371257767	0.34986753272824	0.455442233709618	0.544576038839296	0.874462999170646	0.804849059088156	0.390803285641596	0.285136679420248	0.540079418569803	0.325369068887085	0.925814985996112	0.297691583400592	0.823760643368587	0.573542474303395
86	0.76410335698165	0.810095948865637	0.0123426006175578	0.888906059553847	0.176450283499435	0.279122182866558	0.841898783110082	0.224716030294076	0.787038892973214	0.00434835813939571	0.369984765304253	0.0569531784858555	0.375114970840514	0.616925516631454	0.34054704895243	0.403408645186573	0.470797301270068	0.387801941949874	0.269326919689775	0.510298395296559
87	0.817166652996093	0.427820589393377	0.0242615537717938	0.622444800566882	0.33231400907971	0.701358446152881	0.502010489581153	0.788385623833165	0.177870635408908	0.589114462723956	0.62213293928653	0.863845647312701	0.787507522385567	0.984710218152031	0.820504557574168	0.569475879892707	0.0983780534006655	0.869204903487116	0.77231471077539	0.140836236532778
88	0.826517270877957	0.210247466806322	0.737781839212403	0.145503644132987	0.163058593869209	0.320513484999537	0.00926616578362882	0.696764745749533	0.510844397591427	0.265110110165551	0.735721672652289	0.902151284040883	0.327869238564745	0.947047892026603	0.221461832057685	0.240449052071199	0.258765153819695	0.48925355495885	0.515447550918907	0.922095775371417
89	0.531145540764555	0.278319015633315	0.608782182214782	0.982292159227654	0.389174484182149	0.691821178188547	0.507105728378519	0.15409405878745	0.316339834593236	0.780500270426273	0.906224427511916	0.0957427900284529	0.291825753170997	0.878492323914543	0.712855921592563	0.123013462172821	0.647500695893541	0.0853725250344723	0.174330888083205	0.446215580683202
90	0.412670611869544	0.0911590284667909	0.154931639088318	0.309817202854902	0.593674055067822	0.608434496214613	0.586280931951478	0.427378215827048	0.214164237026125	0.325259095989168	0.99770060647279	0.397051732288674	0.269774228101596	0.09333760663867	0.577523042680696	0.851403115084395	0.105172524694353	0.596664095995948	0.973343917634338	0.725627295905724
91	0.317445615772158	0.0620242599397898	0.0895518055185676	0.362509700236842	0.44850563397631	0.0730491017457098	0.608075573807582	0.0639356933534145	0.850291803013533	0.501474865479395	0.310572192305699	0.60635202168487	0.855752882780507	0.507944978075102	0.495417813071981	0.137807145481929	0.73313146783039	0.0925149719696492	0.950582796242088	0.792165405116975
92	0.906742348801345	0.894030287861824	0.102115774527192	0.917619902640581	0.723797746002674	0.0820757106412202	0.632211574818939	0.133953639538959	0.00250158784911036	0.376605201745406	0.529491732129827	0.478009801590815	0.434035611804575	0.43432995211333	0.903679510112852	0.804743636399508	0.945955358445644	0.0156642927322537	0.620520966360345	0.793258064659312
93	0.552527761319652	0.774784128880128	0.189128285972401	0.0480124689638615	0.484099210705608	0.389354028273374	0.725529260467738	0.674552355660126	0.899462668923661	0.835374842630699	0.947899156715721	0.913818712113425	0.240605568746105	0.0513182797003537	0.520254573086277	0.745167449582368	0.146666364977136	0.634338890435174	0.054009947925806	0.699594681151211
94	0.31077644508332	0.695930763846263	0.717440037988126	0.713756151730195	0.842998675070703	0.681228196481243	0.0306661345530301	0.971292553469539	0.919097157428041	0.321498617064208	0.380915779620409	0.910887614358217	0.589075088500977	0.568887267494574	0.876812876202166	0.52274087886326	0.111011801520362	0.405102014308795	0.355173757765442	0.796913183759898
95	0.878776622004807	0.863008682383224	0.112662107916549	0.162486175773665	0.876020420575514	0.207269767764956	0.93596129771322	0.795158501481637	0.396627876674756	0.911293889395893	0.494528267299756	0.90120630315505	0.95939039462246	0.521273836959153	0.627473801374435	0.346768453950062	0.721743169240654	0.878207077737898	0.506799162365496	0.688784320838749
96	0.294966310029849	0.576568117830902	0.134038268122822	0.086894764797762	0.200670104473829	0.153089097701013	0.411701030563563	0.164524022955447	0.821415507234633	0.565689204726368	0.940056947525591	0.953760365722701	0.142680994234979	0.995926415082067	0.945296066813171	0.356341124745086	0.355670559918508	0.0523629691451788	0.376084200106561	0.797012366121635
97	0.0159995364956558	0.271359682548791	0.367981487419456	0.0815752500202507	0.0979435155168176	0.194800668861717	0.440703455358744	0.0105829052627087	0.755518732825294	0.619557106168941	0.242158426204696	0.623390860389918	0.125353292562068	0.221942470408976	0.337807059520856	0.0612715356983244	0.769985865103081	0.420138964662328	0.625319785205647	0.143965248251334
98	0.420669644139707	0.0270024430938065	0.460814882535487	0.688375335885212	0.0915853229817003	0.557846857933328	0.291969225043431	0.395997178507969	0.0486153678502887	0.947273016907275	0.591664453037083	0.419055574107915	0.231803636765108	0.456313129980117	0.457931323908269	0.225889007095248	0.529246104881167	0.146155761554837	0.943507440621033	0.2688909471035
99	0.548123282613233	0.51383240101859	0.863704544259235	0.422332073561847	0.5250847581774	0.483761191600934	0.64412009017542	0.838928222190589	0.558063673321158	0.0741340452805161	0.888484594412148	0.366557798115537	0.469074411317706	0.566461767535657	0.931904918514192	0.779740320052952	0.231140954885632	0.992698905058205	0.944730404997244	0.274376268032938
100	0.413592315278947	0.699327534297481	0.784938897937536	0.220444516977295	0.641901591094211	0.541903816629201	0.166300144046545	0.411090511363	0.0434828088618815	0.405726341763511	0.870726433582604	0.329527775291353	0.291724675800651	0.884657841874287	0.974334261147305	0.312586730346084	0.247793348506093	0.184304572176188	0.504248150391504	0.325003923615441
